,nesting,migration_to_africa,wintering,migration_to_europe
0,4.837145312547553,-1.1105220215254294,1.373972046301238,-2.5054470787909495
